#;Title;Author
1;Harry Potter and the Philosopher's Stone;J. K. Rowling
2;The Hobbit;J. R. R. Tolkien
3;The Lord of the Rings;J. R. R. Tolkien
4;1984;George Orwell
5;Animal Farm;George Orwell
6;To Kill a Mockingbird;Harper Lee
7;The Great Gatsby;F. Scott Fitzgerald
8;Pride and Prejudice;Jane Austen
9;Jane Eyre;Charlotte Brontë
10;The Catcher in the Rye;J. D. Salinger
11;The Little Prince;Antoine de Saint-Exupéry
12;The Alchemist;Paulo Coeффlho
13;The Da Vinci Code;Dan Brown
14;Angels & Demons;Dan Brown
15;The Hunger Games;Suzanne Collins
16;Catching Fire;Suzanne Collins
17;Mockingjay;Suzanne Collins
18;The Fault in Our Stars;John Green
19;The Book Thief;Markus Zusak
20;The Kite Runner;Khaled Hosseini
21;A Thousand Splendid Suns;Khaled Hosseini
22;The Chronicles of Narnia;C. S. Lewis
23;The Lion, the Witch and the Wardrobe;C. S. Lewis
24;Dune;Frank Herbert
25;Foundation;Isaac Asimov
26;Fahrenheit 451;Ray Bradbury
27;Brave New World;Aldous Huxley
28;The Picture of Dorian Gray;Oscar Wilde
29;Dracula;Bram Stoker
30;Frankenstein;Mary Shelley
31;The Adventures of Sherlock Holmes;Arthur Conan Doyle
32;The Old Man and the Sea;Ernest Hemingway
33;The Alchemist's Daughter;Katharine McMahon
34;Of Mice and Men;John Steinbeck
35;The Grapes of Wrath;John Steinbeck
36;Little Women;Louisa May Alcott
37;The Count of Monte Cristo;Alexandre Dumas
38;Les Misérables;Victor Hugo
39;The Three Musketeers;Alexandre Dumas
40;Crime and Punishment;Fyodor Dostoevsky
41;The Brothers Karamazov;Fyodor Dostoevsky
42;War and Peace;Leo Tolstoy
43;Anna Karenina;Leo Tolstoy
44;The Master and Margarita;Mikhail Bulgakov
45;One Hundred Years of Solitude;Gabriel García Márquez
46;The Road;Cormac McCarthy
47;The Shining;Stephen King
48;It;Stephen King
49;The Silent Patient;Alex Michaelides
50;The Midnight Library;Matt Haig
